{
  "IcoMoonType": "selection",
  "icons": [
    {
      "icon": {
        "paths": [
          "M535.292 632.209c-11.793 0-21.333-9.54-21.333-21.333v-586.731c0-11.793 9.54-21.333 21.333-21.333s21.333 9.54 21.333 21.333v586.731c0 11.793-9.54 21.333-21.333 21.333z",
          "M535.292 632.209c-5.457 0-10.918-2.082-15.083-6.251l-141.21-141.21c-8.333-8.333-8.333-21.833 0-30.165s21.833-8.333 30.165 0l126.127 126.127 126.127-126.127c8.333-8.333 21.833-8.333 30.165 0s8.333 21.833 0 30.165l-141.21 141.21c-4.164 4.169-9.626 6.251-15.083 6.251z",
          "M1003.042 1026.249h-982.063c-11.793 0-21.333-9.54-21.333-21.333v-259.541c0-11.793 9.54-21.333 21.333-21.333h982.063c11.793 0 21.333 9.54 21.333 21.333v259.541c0 11.793-9.54 21.333-21.333 21.333zM42.313 983.582h939.396v-216.875h-939.396v216.875z",
          "M789.124 935.334c-32.457 0-58.833-26.377-58.833-58.833s26.377-58.833 58.833-58.833 58.833 26.377 58.833 58.833-26.372 58.833-58.833 58.833zM789.124 860.335c-8.917 0-16.166 7.249-16.166 16.166s7.249 16.166 16.166 16.166 16.166-7.249 16.166-16.166-7.249-16.166-16.166-16.166z"
        ],
        "attrs": [
          {},
          {},
          {},
          {}
        ],
        "isMulticolor": false,
        "isMulticolor2": false,
        "grid": 24,
        "tags": [
          "thin-0122_download_file_computer_drive"
        ]
      },
      "attrs": [
        {},
        {},
        {},
        {}
      ],
      "properties": {
        "order": 5,
        "id": 0,
        "name": "thin-0122_download_file_computer_drive",
        "prevSize": 32,
        "code": 59648
      },
      "setIdx": 0,
      "setId": 2,
      "iconIdx": 0
    }
  ],
  "height": 1024,
  "metadata": {
    "name": "icomoon"
  },
  "preferences": {
    "showGlyphs": true,
    "showQuickUse": true,
    "showQuickUse2": true,
    "showSVGs": true,
    "fontPref": {
      "prefix": "icon-",
      "metadata": {
        "fontFamily": "icomoon",
        "majorVersion": 1,
        "minorVersion": 0
      },
      "metrics": {
        "emSize": 1024,
        "baseline": 6.25,
        "whitespace": 50
      },
      "embed": false,
      "showSelector": true,
      "selector": "class",
      "classSelector": ".azisicon-doc",
      "showMetrics": true,
      "showMetadata": true,
      "showVersion": true
    },
    "imagePref": {
      "prefix": "icon-",
      "png": true,
      "useClassSelector": true,
      "color": 0,
      "bgColor": 16777215,
      "classSelector": ".icon"
    },
    "historySize": 100,
    "showCodes": true,
    "gridSize": 16,
    "showGrid": true
  }
}